team,dynamic_elo,form_10,attack_20,defense_20,conf_strength,is_2026_host
Scotland,1809.0496955641909,1.932584936554679,2.0294650584112555,1.0965526434705444,1.0,0
England,2037.8387617384951,2.100067643701356,2.0796850797870365,0.4258484796854893,1.0,0
Wales,1742.0151056013863,1.0451413629012851,1.6918698651221509,1.3307615944902804,1.0,0
Northern Ireland,1621.8504276012072,1.1970897304290027,1.0541991574389407,1.2450775866870545,0.85,0
USA,1867.5687210201863,1.3969824759838958,1.7768714330619881,1.748069854841315,0.82,1
Canada,1875.5231082653072,1.6339364529608482,1.3441038651515251,0.5129567433420273,0.82,1
Uruguay,1928.0949280274995,1.3555061689970742,0.8410988148601511,0.9188286129543476,0.97,0
Argentina,2145.8902646958813,2.7259203493985344,2.411639567186577,0.36943315550911615,0.97,0
Austria,1863.7484383441592,2.5385251369745423,2.295827500063006,0.5858285463919677,1.0,0
Hungary,1771.6542855872035,1.9175729415397356,1.2500067485970348,1.3378295045450785,1.0,0
Czechoslovakia,1755.7996738278573,1.8117799244988675,1.8489299478133567,1.0470536636855228,0.85,0
Belgium,1899.5916868863505,2.461307763269043,3.0770210111675635,0.8780011097413686,1.0,0
France,2086.5387891424493,2.3587958357505916,2.3775703539837125,1.086902720378826,1.0,0
Switzerland,1916.3154664916146,1.6398232185386359,2.109820358464514,1.1090291872057492,1.0,0
Guernsey,1723.42188242978,1.816029270380091,1.8203048818592724,0.9335023301158745,0.85,0
Alderney,1105.6916821494685,0.5766704226490825,0.8320426350376549,3.4414029001168616,0.85,0
Jersey,1788.9255877470891,2.027797551405379,2.8644387735400225,1.0313530610903443,0.85,0
Netherlands,1993.13284043998,1.980475793208625,2.3092189836921975,0.8898898594372768,1.0,0
Guyana,1475.8803806179146,2.5792040259819307,2.2120633710031705,1.4358403258488026,0.85,0
Trinidad and Tobago,1526.221065513163,0.5958467369552326,1.1755982133861558,2.284760019839829,0.85,0
South Africa,1676.0009683862638,1.533012535355521,1.3059742404987138,0.8270618789093196,0.88,0
Germany,2005.5634867208053,2.896039686583488,2.7045386264886013,0.9510205351725743,1.0,0
Sweden,1767.6319642609005,1.1052325856260612,1.888384259011659,1.7453360562951608,1.0,0
Norway,1913.9596944893542,1.8282188390993106,2.7606351492994925,0.8432324660857599,1.0,0
Denmark,1897.2843828630873,1.8695219634350335,2.175290255980936,1.095310618586222,1.0,0
Italy,1936.5073720750754,2.4363533294791195,1.9632144112352996,1.0855045069122944,1.0,0
Chile,1746.7754484358163,1.3438442991988973,1.3753816734258166,1.6217864450607336,0.97,0
Russia,1825.427967188709,1.6978823623676125,2.1273535761048206,0.6341230452388014,0.85,0
Finland,1574.2505066622866,0.9233710096773842,1.0366735069211261,1.7161983594044001,0.85,0
Luxembourg,1457.670536304801,0.6712490509751531,0.3352695985238788,1.4477063571739455,0.85,0
Catalonia,1664.4966119202409,1.7245033584218707,1.8359249101259283,1.309551026880022,0.85,0
Philippines,1361.4362263199412,2.5528694622576005,2.3103665150717445,1.256119583824598,0.85,0
China,1567.4420606185206,1.5521103155261582,1.0357730171163841,1.4218213986876564,0.85,0
Brazil,2012.2539009345828,2.150038528455327,2.235928914609624,1.1194076938645072,0.97,0
Basque Country,1773.255191455478,2.215676897209159,2.191970404858691,0.8664197482462894,0.85,0
Japan,1973.5048888683677,2.633972466792826,1.9254446293736565,0.45865202109188163,0.84,0
Paraguay,1837.816452881577,1.6562225500149657,1.4295548788257009,0.9451776063609802,0.97,0
Romania,1699.1902248694237,1.4700006875835834,1.772106290556218,1.2371796665359793,1.0,0
Greece,1794.5881709175446,0.7416922770515577,1.3708455189327626,1.2229312981818397,0.85,0
Yugoslavia,1819.208508914721,1.2882607361408835,1.8823172574394078,1.1941725940008858,0.85,0
Spain,2187.1247023516453,2.1872719376246144,2.584422177922196,0.8411661088002458,1.0,0
Egypt,1788.9862418833725,1.5856083518215764,1.2123942376738372,0.7521106020871496,0.88,0
Estonia,1437.197845579761,1.2434297606924145,0.9938838118972113,1.7692805129413554,0.85,0
Suriname,1565.1234597538012,0.977038602436544,1.3139748958443982,1.2422559303737855,0.85,0
Provence,1447.687098695408,1.1112588600869568,4.506253979072435,2.140390689362115,0.85,0
Costa Rica,1735.3345834328945,0.6787667947972169,1.6824247939046093,1.7555286548289064,0.82,0
El Salvador,1482.0179440305876,0.8502347203786267,0.5932417317895103,1.2430421495414838,0.85,0
Guatemala,1620.7628373704893,0.6913678632145092,1.128633680662266,2.3863896110178953,0.85,0
Portugal,2013.8571450758504,2.2128011655698763,2.420789348845047,0.9359983457985989,1.0,0
Poland,1753.9873196274891,1.4206670090621718,1.6179181466675803,1.5157666585348923,1.0,0
Brittany,1518.84226678381,1.6936698814322286,1.3697224706316837,1.1408396965945313,0.85,0
New Zealand,1691.69527762992,0.4847225400433747,1.5045262909868813,1.5238812866484934,0.72,0
Australia,1878.1257378562493,1.3624096276321358,1.4209754109536772,0.9416235854362687,0.84,0
Latvia,1348.8878291367957,0.5383881711653324,0.6023016961489387,1.5400364278968999,0.85,0
Galicia,1539.2279931203252,1.094749315577561,1.5076137520958208,2.074782081488381,0.85,0
Central Spain,1498.131344383973,1.6495019919374339,1.0,1.90008325008424,0.85,0
Mexico,1944.508993402739,2.385213159704088,1.6589642621520948,0.6038797621537766,0.82,1
Andalusia,1597.8143956211368,2.6436077083747507,2.1531450164309267,0.9964445229289063,0.85,0
Asturias,1512.4522478583203,3.0,3.0,1.0,0.85,0
Lithuania,1328.3453931082913,0.7677445564687739,0.6931832725932736,1.7060186379200968,0.85,0
Turkey,1924.9800867131046,2.6846269658932016,2.228300803961536,1.0100296677629563,1.0,0
Aruba,1205.0835870478684,1.5940901125224136,1.6528722992502713,1.959993602176464,0.85,0
Curacao,1555.52543302844,1.3343530841919486,1.9585066862411047,1.3901796649401883,0.82,0
Bulgaria,1534.2796286555183,1.258974768381232,1.53404693851589,2.041902435142021,0.85,0
Republic of Ireland,1737.0482247823609,1.931277557592065,1.5151802558727103,0.9154234215057782,0.85,0
Haiti,1647.247760753357,1.4014765917807217,1.8094515683170045,1.0930792673045753,0.82,0
Jamaica,1645.1571518052351,1.1773581712542902,1.1339161863323914,0.9008100264234985,0.82,0
Kenya,1470.8036283563,1.4475133305651546,1.3320840901508084,1.6698791573599883,0.85,0
Uganda,1509.1119840417937,0.9603824879600582,1.1904771259949385,1.64728491853922,0.85,0
Bolivia,1671.1937717130393,0.94782321295259,0.8281379397672742,1.7864745776653461,0.97,0
Peru,1733.4077338096913,0.7672215049968194,0.8302249699505619,1.5803707232295257,0.97,0
Honduras,1678.9996202898456,0.9476606296501328,1.0406517542942715,1.0955651918517701,0.82,0
Belarus,1533.5546705094537,1.7746731847512347,1.5136224006124255,1.6038099965151333,0.85,0
Ukraine,1783.8993027939566,1.6059365027784498,1.490164607429632,1.5729099360887302,1.0,0
Barbados,1153.5356808559704,0.537122574916274,1.6459745452576806,2.366034761395851,0.85,0
Nicaragua,1491.0156824460494,0.49655883642380816,0.693340796457285,1.8566772942228082,0.85,0
Cuba,1400.437894308661,1.2749983521537644,1.2621181115757465,1.6052877580120717,0.85,0
Martinique,1451.6580663972807,0.5727252690755823,0.747528458141843,1.1962145522980463,0.85,0
Dominica,1173.32507170616,0.5981743540159857,0.8908573496023632,1.9745210200481509,0.85,0
Silesia,1516.329091879294,1.4940594315033098,3.107051918650992,2.0657241390659005,0.85,0
Guadeloupe,1525.2070604864477,1.204206968519178,1.7542926131205436,1.33872186772203,0.85,0
Israel,1661.5273776095812,1.7232244624279707,1.6677432195530062,1.7506242349347756,0.85,0
Indonesia,1504.8916850778733,1.5479915186620512,1.557963734900104,1.2580348963768921,0.85,0
French Guiana,1383.970545280977,0.7242046609669496,1.4790259029137671,1.5329812515315537,0.85,0
Saint Lucia,1256.6951361936228,0.5760981228297937,1.0373168875188148,2.8064198923122334,0.85,0
Colombia,2009.6511491452534,2.1069743835658956,2.022512353276007,1.0704222743552199,0.97,0
Panama,1817.387157633486,1.5437821865074983,1.8074025246951326,1.4471089090825486,0.82,0
Venezuela,1787.7364618925833,0.9797732048447482,1.0755910309335557,1.6457020551891397,0.97,0
Ecuador,1954.370898103285,2.035608596032785,1.216580035067806,0.43273213512879294,0.97,0
Saint Kitts and Nevis,1300.4099860667957,1.3618983884537084,1.8871451576444442,2.433107804863214,0.85,0
Grenada,1299.7487505647218,0.9854573815344855,1.301046162793927,2.077868444083754,0.85,0
India,1261.9591159635984,0.22340876208100438,0.5113041691609147,1.4183726856764347,0.85,0
Slovakia,1702.0669371811284,1.797873445856031,1.4186411608305023,1.529496130146259,1.0,0
Manchukuo,1453.609088258474,0.0,0.0,5.230728790200571,0.85,0
Croatia,1942.3985086103623,1.9601076285250805,2.0061578610920674,1.153549337040981,1.0,0
Lebanon,1429.2102538541335,1.747059920504887,1.7702606052042238,0.7100942736885355,0.85,0
Puerto Rico,1379.436893613893,1.3245605786020251,1.5790034801458295,1.7428381939854554,0.85,0
Afghanistan,1184.8465666568895,0.7704988883312504,0.49658166988125235,1.3780437398407108,0.85,0
Iran,1867.257568527426,2.05314781872814,1.9351469670488637,0.6840230523511164,0.84,0
Mongolia,1042.3087999773231,0.4720214724117289,0.44643062154395396,2.431568216508894,0.85,0
Tanzania,1409.6243885072013,0.8381745220291685,1.1665234822266706,1.2220648000523493,0.85,0
Zimbabwe,1454.7087741023004,1.3687823956361391,1.0821908240959772,1.2541071807719666,0.85,0
Zambia,1553.3727638316143,0.41067064825826677,0.6192304242465071,1.9356625442226685,0.85,0
Iceland,1587.3550114572054,0.7106371472947924,1.3563130159559085,1.8852858648545208,0.85,0
Albania,1649.3851061490643,0.8068242641099854,0.7609544614854977,0.9607817338299193,0.85,0
Montenegro,1534.6035239679297,1.49051625524075,1.3685501512878715,1.7169470154401476,0.85,0
Madagascar,1462.7928642984862,1.5142663936017307,1.6261370710724166,1.7235403765632111,0.85,0
Mauritius,1214.309626027573,0.4501250103654838,0.5876746569982407,1.4829870422486404,0.85,0
Réunion,1568.1022871981368,1.4820929211508567,1.642876713007549,0.6351032692956198,0.85,0
Zanzibar,1529.5425989534085,2.097202769595953,1.175574178400603,1.0505571246887537,0.85,0
Djibouti,1079.5641990991273,0.08635029218193079,0.5991636690764978,2.659184237990785,0.85,0
Ethiopia,1391.4671413223252,1.4369616015562139,0.9513884968879204,1.495702623424431,0.85,0
DR Congo,1714.840398061264,1.9779184427752348,1.2649593995645287,0.4343891159735285,0.85,0
South Korea,1868.727052401915,1.9935175724530105,1.685076579093103,0.9658766834285447,0.84,0
Vietnam,1517.4263080832668,2.7174065691589875,2.2659148805448455,0.917632555513796,0.85,0
Macau,897.1111072242786,0.06314268052357222,0.38434287857658134,2.6399607666522806,0.85,0
Dominican Republic,1489.9179563399882,0.7615099714138469,1.7959756829620541,1.4922704498352377,0.85,0
Cyprus,1397.1408392501144,1.50559340750952,1.4465006337210309,1.5962917137171164,0.85,0
Sierra Leone,1445.3012134625244,1.771602782971916,1.1019993250334312,1.1250749204352615,0.85,0
Nigeria,1832.8561993176077,2.070080255769996,2.0500148614761673,0.7803435444989133,0.88,0
Syria,1562.444464088297,1.2756909044689764,1.50357077254698,1.1634308268036828,0.85,0
Serbia,1792.1006762508048,0.9975616453480437,0.9462896682396211,1.9109309625857773,1.0,0
Taiwan,1102.340838336483,0.2820679766754039,1.1223999150223631,2.934801487761454,0.85,0
Ghana,1586.8509196392947,0.7157905382048841,1.227450641585482,1.3803270389944615,0.88,0
Myanmar,1195.8918170451916,1.4553544426818508,1.532343988860982,2.3429559026557403,0.85,0
New Caledonia,1578.1959846720913,1.6577075647068906,2.013007399159129,1.0675610481962288,0.85,0
Vanuatu,1464.2465812890946,1.7483860604797896,1.5108668788588173,2.0515346965244112,0.85,0
Fiji,1440.4040325073645,0.31810413826802203,1.0401023605668047,2.442748191657189,0.85,0
Pakistan,1090.9495167926184,1.353093325231432,0.6852197063656287,2.083923669985818,0.85,0
Sri Lanka,1065.6294383572424,1.084406712373048,0.7879354783536661,1.3921229129408865,0.85,0
German DR,1696.927825041255,2.312202193165161,1.805945528347654,1.2627979620000465,0.85,0
Tahiti,1526.411391164434,1.5017266749021412,1.6574703396799808,1.3251298383381653,0.85,0
Gambia,1507.1311538244895,1.0851572576477115,2.1094206472313575,1.7276103598101842,0.85,0
Hong Kong,1370.112914965761,1.6305345003272889,2.0944490517640815,0.8072017741099502,0.85,0
Singapore,1354.6206499510902,1.5902951451984042,1.6890696045507747,1.3611514521222619,0.85,0
Malaysia,1530.39807648105,2.637871374065422,1.9490312992277203,0.7993881970443194,0.85,0
Guinea-Bissau,1370.5482887649198,0.5693571571433894,0.6025170591494813,1.5631059186854626,0.85,0
Saarland,1464.249506332175,0.3747459299121952,1.1368290652361774,2.9099974076331097,0.85,0
Burundi,1385.3269559888804,0.42164124884911425,0.6116995964301322,1.7019874477181194,0.85,0
Cameroon,1723.2637953857409,1.6695138768196696,1.1903037011823403,0.6959675263929289,0.88,0
Kernow,1588.6676393654964,2.4945493215798433,2.7008517357060855,1.2648975265317681,0.85,0
Cambodia,1109.6211181711244,1.032316693613291,1.5624981094117456,1.5705249461002233,0.85,0
Thailand,1549.9556511077417,2.194259340116848,2.5905753923476293,1.0830636729153231,0.85,0
Vietnam Republic,1381.8542048145946,0.3784993252102845,1.0985093296899224,2.058587487817768,0.85,0
Kyrgyzstan,1452.364576039505,0.7542206035865143,1.1407806925304258,1.6921938546599165,0.85,0
Moldova,1348.8598656148438,0.28676372630237706,0.9139553019046229,2.725810326594044,0.85,0
North Vietnam,1479.5498366231152,1.4712657807652507,2.3036786279917543,1.7021423231363153,0.85,0
Togo,1473.241284259297,1.3577940208637493,0.8724581119466431,1.1445093469786032,0.85,0
North Korea,1475.222281987302,0.34281665366863734,1.0378590725279588,1.8925586764052298,0.85,0
Sudan,1445.6915734409151,0.6398131031726548,0.4461598508843793,1.5327612679057343,0.85,0
Malta,1370.5888463608449,1.2498619760795837,1.0209508347522804,1.8718728447610447,0.85,0
Tunisia,1698.8642737287057,0.9737288846174547,1.2549620594765734,1.3255417624028172,0.88,0
Libya,1503.2040573681556,1.4174601958627282,1.0374774897715169,0.8352880720684724,0.85,0
Malawi,1418.107463343108,0.98623450090906,0.7949686599668144,0.9712521170646377,0.85,0
Morocco,1982.511590237949,2.266036854085662,2.1934513150475303,0.3922537457797379,0.88,0
Benin,1527.7162281562885,1.4814679907391906,0.8754702250293412,1.2244504712828235,0.85,0
Cape Verde,1612.5264376897087,1.2988285003814322,1.4356125742916535,1.172845970151379,0.88,0
Ivory Coast,1784.5533665311366,2.4245939296691854,2.0017256336993627,0.6343252725797877,0.88,0
Burkina Faso,1623.7343395898658,1.4512692230908688,1.775333977560841,1.0864241539687651,0.85,0
Gabon,1513.770272047322,0.7004458047851431,1.7442693081847502,1.9068469066893643,0.85,0
Congo,1332.176038480978,0.34462667753517545,0.7637039495587844,2.081335051657717,0.85,0
Mali,1680.7910043416248,0.9071844914014172,1.0554838946563772,0.7513016020820998,0.88,0
Central African Republic,1343.8277540389927,1.019070498326448,1.053555463319259,2.08394751157758,0.85,0
Iraq,1740.6750624781766,1.7990055243435539,1.0818985522463442,0.8714334788328073,0.84,0
Saint Vincent and the Grenadines,1368.5107073256115,1.8658411503291128,2.2657661423554054,1.3065213506929303,0.85,0
Senegal,1887.9833697750487,1.9412647486423147,2.2286085048865965,0.954080276904023,0.88,0
Laos,1006.7849702518787,0.43918305475895897,0.9215393857454043,2.631169362299833,0.85,0
Chad,1257.248270529777,0.33846058067880375,0.7903206508189452,1.9034775834948865,0.85,0
Niger,1445.4228639523528,0.8523868948829317,1.1672875819160018,1.1867686451418606,0.85,0
Mauritania,1458.3410639986425,1.0756684639846308,0.6207742048132501,1.147920672857982,0.85,0
Liberia,1391.8813617644541,0.6873254378648073,0.9029819736512226,1.5066933210137694,0.85,0
Guinea,1536.472217451669,0.9833984696123838,1.1868942939042941,0.8999086744592909,0.85,0
Algeria,1850.7472409128468,2.2269087929672504,2.0126285459887416,0.4697663401760372,0.88,0
Kuwait,1489.852686473194,0.9161644685185332,1.3488890754584515,1.968044853038879,0.85,0
Jordan,1748.7578088686607,1.062404349238972,1.4981096174287072,1.7462699134066717,0.84,0
Papua New Guinea,1488.0868098363278,2.006673383525552,1.5736227207181035,1.4941400932865092,0.85,0
Solomon Islands,1390.554544474553,0.3445186046999968,1.516823678026501,2.838364362916078,0.85,0
Somalia,1056.6987230061463,0.7762567397319499,0.4447477182614953,1.740308226255701,0.85,0
Saudi Arabia,1690.2356813654787,1.142359155582535,1.1973117994778433,1.3478287604739734,0.84,0
Bermuda,1356.5849622964945,1.0003875932623487,1.4827088226750684,2.652531521577843,0.85,0
Palestine,1544.5625454179078,0.9712233602042628,0.702624656064685,1.097533065858523,0.85,0
Bahrain,1560.0528911476188,0.8398380385586507,0.9626485757783737,1.6815813598521083,0.85,0
Yemen,1299.5059983408087,1.956008950159167,2.655150759020953,1.2184944379522364,0.85,0
Oman,1598.6600435065618,1.0160505172141308,0.7142237236809713,1.1310347427731087,0.85,0
Wallis Islands and Futuna,1311.1922387294073,0.28259343084101235,0.913071267057702,5.4977615071167865,0.85,0
Corsica,1561.7699225174658,1.7234295335583603,1.0896853172316352,0.5805926691770135,0.85,0
Western Australia,1399.1853154914927,1.197958696638052,1.4509674476378176,1.934149190964338,0.85,0
Eswatini,1284.2955435277513,0.429310347678807,0.6991788346772219,2.114254136501678,0.85,0
Botswana,1408.9813580279838,0.8100062040254082,0.6266901895188034,1.6899487579681762,0.85,0
Qatar,1616.6275072374146,0.6004728811949596,0.8041138405133209,1.5274067923743113,0.84,0
Lesotho,1371.8291851051981,0.8740023657829019,0.6369297925999656,1.4409205363797066,0.85,0
Bahamas,995.866318548774,0.1897440009347842,0.9473688917034905,3.8147639364349746,0.85,0
Brunei,975.3375462605601,0.5008175636600966,0.5676327598533955,2.868142452009864,0.85,0
Cook Islands,1210.1659192577467,0.7043468447729803,0.7047600661142419,2.702985259808655,0.85,0
Yemen DPR,1370.416774965136,0.8094713489220469,0.9169675295482179,2.6036867528854555,0.85,0
United Arab Emirates,1657.753081201131,1.0023533333624843,1.2759819522114573,1.3521058081174968,0.85,0
Faroe Islands,1409.5188984547235,1.7668654811272715,1.1241208147929556,1.0263849713509534,0.85,0
Nepal,1115.2177844269388,0.559917818833967,0.597964630767879,1.652885664666771,0.85,0
Antigua and Barbuda,1148.2973076115115,0.2658374113477586,0.5072538449156334,2.330038825743053,0.85,0
Bangladesh,1167.8331471461865,1.4845279134241711,1.0300377094079634,1.5460779212738671,0.85,0
Seychelles,1021.7381586204629,0.0,0.2241000669152257,4.376831523986853,0.85,0
Equatorial Guinea,1456.060045158893,0.8916628792956076,0.8393503373228434,1.4261197176551348,0.85,0
Mozambique,1499.6461831376084,0.8321831249169802,1.0982348195415725,1.8186832896323377,0.85,0
Guam,1021.0187262323257,0.7046446463435817,1.1814799049590543,3.17860232388576,0.85,0
Angola,1571.1966410812267,1.0462176823477498,1.0432487854744108,1.0358028345925996,0.85,0
São Tomé and Príncipe,1170.167520548568,0.7059024887806572,0.5700910345957719,2.6490648064165314,0.85,0
Rwanda,1471.1098696634288,1.4687612850184293,0.9721100271127825,1.0325739873643,0.85,0
Northern Cyprus,1680.6382262468287,1.9854286467392472,2.708805987002966,0.8194859605966032,0.85,0
Armenia,1436.1550801516514,0.4413949282393508,0.8981127269396697,2.700328188957987,0.85,0
Georgia,1695.3555447271879,1.4641735858821785,1.5367292949502238,1.3736139736723805,0.85,0
Azerbaijan,1409.6739035149396,0.6449163149636503,1.0022642442729095,2.1287842544059616,0.85,0
Kazakhstan,1489.721032405021,1.506888240875497,0.9788791106719359,1.3576604189444423,0.85,0
Comoros,1459.8674116666602,0.5735058041282948,0.814671198533617,1.2934361106890926,0.85,0
Maldives,1034.1511366555537,0.2665506857198342,0.5661550981789825,1.8733213018068038,0.85,0
Tonga,1144.952485756725,0.797512234043276,1.183381594346124,3.731918849372388,0.85,0
Tuvalu,1259.3269325047238,1.2069847301856145,1.3018221654020574,4.979091009780302,0.85,0
Kiribati,1295.996970667644,0.042325804515374585,0.6056698031320191,11.64608532637716,0.85,0
Samoa,1291.5410128685642,0.858691553670806,1.295006705484354,3.3414924031332864,0.85,0
Greenland,1458.8231414862646,1.0858185918677519,1.7478755040433782,2.163923587033926,0.85,0
Liechtenstein,1019.8540598195765,0.34516039586715763,0.3156703536937298,2.8295408618297646,0.85,0
Bhutan,880.2206641353326,0.21823324365285235,0.42126885408238623,2.7698281315730577,0.85,0
South Yemen,1472.1786623076043,0.0,0.3322249935333472,2.6328345988890747,0.85,0
Niue,1456.7567310072204,0.0,0.0,16.6248959373947,0.85,0
American Samoa,1008.3914088344527,0.03465343780550408,0.6986864423813085,5.584426093554287,0.85,0
Belize,1305.9757864850308,0.9130263733188468,1.6217871144746367,2.166391419919411,0.85,0
Cayman Islands,1100.9403584523986,0.8192267556498674,1.0214963461675675,2.160209708688701,0.85,0
Anguilla,950.912994859534,0.8600791990694212,0.7209833628803128,2.902124778253979,0.85,0
British Virgin Islands,1053.611394415536,1.7141713723625027,1.4512247446516755,1.5543045295358688,0.85,0
Palau,1454.403564562993,0.0,2.0,10.724812687310461,0.85,0
Sint Maarten,1313.8210260901078,1.802837517551183,1.3434136886547021,2.0847934392537284,0.85,0
Namibia,1389.4698586040831,0.545355241655863,0.47719969792852174,1.5044254735653773,0.85,0
Shetland,1488.158655771862,1.171287980062878,2.060422005422443,1.9252531838343,0.85,0
Ynys Môn,1661.614960375915,2.5784201404801976,2.1273119159082254,1.2557415214746974,0.85,0
Åland Islands,1485.9777035544935,0.8807677848569979,0.9885196390850508,1.6345685280301423,0.85,0
Saint Martin,1285.720750584653,1.8054079006460402,1.9644155886435273,1.5520997676135388,0.85,0
San Marino,974.0993927170844,0.1716396010674212,0.5247599303233534,3.0598790125249358,0.85,0
Montserrat,1244.9891743493015,0.7462867356496163,0.7931112388915935,1.9276314945092894,0.85,0
Slovenia,1732.0387278915073,0.8369102435730641,0.9389422747509151,1.2692062070279666,0.85,0
Isle of Wight,1655.6016802933768,1.9850896139463554,1.9718792998590162,1.2228287951153756,0.85,0
Turkmenistan,1390.1936324104684,2.0038090836486098,1.4116662872614905,1.3957160224767082,0.85,0
Tajikistan,1438.2842763777203,2.6565138163100452,2.0503712753528642,0.9858160035541448,0.85,0
Uzbekistan,1804.601444982412,1.0773732386698995,1.186727658559806,0.940992864333719,0.84,0
Eritrea,1223.5888868435425,0.03465343780550408,0.6252691047022563,2.173297377914295,0.85,0
Isle of Man,1681.1217018169748,2.1405625920977394,3.7213657104774436,1.3117892699246105,0.85,0
Gibraltar,1185.4930536578493,1.5654219091818447,1.4884189022418628,1.987784399446603,0.85,0
North Macedonia,1619.998006503876,0.6311058135025956,0.8357329676937048,1.5189102797077938,0.85,0
Czech Republic,1785.8285348213897,2.1113664703877073,2.295560905435132,1.1071955494014287,1.0,0
Bosnia and Herzegovina,1642.4833246956168,1.307511720441013,1.478146793157237,1.1709540957250117,0.85,0
Canary Islands,1516.451412612839,2.191473507566495,2.5918050414308778,0.7362034046761355,0.85,0
Andorra,1153.7693449996325,0.7069515108121949,0.39293560083897594,1.574317752621497,0.85,0
Hitra,1354.7021113640383,1.5119443591553094,2.2308304160036503,3.117092806828457,0.85,0
Frøya,1215.3674841205548,0.3172468686465164,0.9741686662459499,4.697607248549026,0.85,0
United States Virgin Islands,1020.9243239160394,1.1802282247084241,1.4907957744120444,2.056795677130862,0.85,0
Northern Mariana Islands,1045.0403867730597,1.2088659239179296,1.0373579954776841,4.035949497472858,0.85,0
Turks and Caicos Islands,1081.2834257541258,1.2952162160998604,1.1128854631638814,2.04104194285839,0.85,0
Micronesia,1374.9248370762677,0.32432649875650255,1.001648803019278,9.024015691354172,0.85,0
Gotland,1449.448847294365,0.8707005688034724,2.685967092652689,2.061110474618829,0.85,0
Saare County,1339.781594793049,1.3276432116246584,1.6282698213805078,2.264329630401318,0.85,0
Rhodes,1590.596024550359,1.8990552811284924,1.6407378943581141,1.0453410713686107,0.85,0
Monaco,1450.1317375805777,1.2938017605989016,1.5055392271049755,3.813530991634893,0.85,0
Western Sahara,1421.2600842108757,0.6941337520281532,1.7641365405830756,4.711288235170115,0.85,0
Tibet,1283.0053856162326,0.17132045442945498,1.811359146591335,5.360256078897523,0.85,0
Orkney,1415.7931287094782,1.8171515283637871,1.820111351408903,1.9228961652609593,0.85,0
Falkland Islands,1241.803331732054,0.20964108215325952,0.9447961908079653,3.328761481418885,0.85,0
Mayotte,1434.0283304561592,1.505819742114848,1.1419350755032909,0.7890683344099154,0.85,0
Vatican City,1439.9682774626865,0.5100552872011156,0.6194367709529186,2.3374150794943627,0.85,0
Timor-Leste,933.4262309779125,0.34516039586715763,0.667762919685381,2.9131676781503533,0.85,0
Sark,1389.7066009917169,0.0,0.0,17.2981743852267,0.85,0
Sealand,1477.0318521824345,1.9207690611327866,2.5234286049965617,2.3607311388355603,0.85,0
Occitania,1655.2762842775262,2.3345945414437916,3.2487359008754777,0.730878071786547,0.85,0
Chechnya,1466.2632550673416,0.3289329222889067,1.03161538817762,9.646134676488906,0.85,0
Ambazonia,1411.8314706225785,0.0954274140197332,0.4667687512551698,2.8720733329225765,0.85,0
Western Isles,1437.3788498919325,1.1658093791109363,1.2086288953732234,2.1096588885544647,0.85,0
Kosovo,1729.4552877481203,1.6677516945478932,1.8338094410803374,1.0735062725849431,0.85,0
Republic of St. Pauli,1486.2852618821325,0.8426226759099367,2.417966693929226,1.3135062149909402,0.85,0
Crimea,1503.1826640122958,1.7531550768353446,1.4735730510873464,2.171860555120381,0.85,0
Găgăuzia,1439.8476157475752,0.4017595785333554,0.6993903946442727,2.9617345730224636,0.85,0
Sápmi,1471.9082452743664,0.8594374079022604,1.5134327704990098,2.224202280712664,0.85,0
Romani people,1462.5082843636635,0.7012408345215078,1.7241268332391957,3.5369948016560953,0.85,0
Menorca,1543.9630348261228,0.8943456629260546,1.8401910401650259,1.3483427672689283,0.85,0
Iraqi Kurdistan,1629.0963413484399,1.468500722364025,2.1505318267249214,0.8517208282404365,0.85,0
Padania,1663.4704029748316,1.401189788124244,2.1480027949541696,0.8890277247724122,0.85,0
Arameans Suryoye,1542.6208043454944,1.6798382743469453,1.6453272607279223,1.309436930987609,0.85,0
Gozo,1476.4520075053783,1.1461970419569625,2.0722712912885126,1.6932559819118072,0.85,0
Two Sicilies,1423.9113911724608,0.3496659200633837,0.46015166061077095,3.218512916888864,0.85,0
Saint Barthélemy,1432.9276152727557,1.3960707327111153,2.6858072194254645,2.7775754445396514,0.85,0
Saint Pierre and Miquelon,1335.826151516147,0.0,0.36007937052141403,11.485149217450466,0.85,0
Bonaire,1164.1146634804145,0.5485572730659262,0.9434987688435299,2.139018808082894,0.85,0
Chagos Islands,1369.5861214230079,0.24112489594714337,1.5388304786219733,5.293050344763195,0.85,0
Raetia,1404.585843441667,1.5048906198299756,2.5376545864588462,3.0761063125477497,0.85,0
Cilento,1489.2973468755417,0.0,0.0,2.0,0.85,0
Kurdistan,1558.9509529469358,2.6852414603911456,2.314311895939954,0.34129104156122764,0.85,0
Darfur,1340.9008621337837,0.0,0.12671339713247998,13.93779681387895,0.85,0
Tamil Eelam,1563.7966096870255,2.740949123454208,2.889845666567491,1.4454437973995216,0.85,0
South Sudan,1262.525349787893,0.49079312405171505,0.47271897535442414,1.8409049356291225,0.85,0
Abkhazia,1624.2921063672238,1.7677734714315092,1.5478859547972619,0.7160157363344406,0.85,0
Artsakh,1562.375423053312,2.0917183877775702,2.7794119580251433,1.2619034820844108,0.85,0
Madrid,1492.4675093326152,0.0,1.0,2.0,0.85,0
Quebec,1519.7666007532744,1.7947212643999333,7.309476693070314,0.6993903946442727,0.85,0
Saugeais,1498.425514013571,1.0,1.0,1.0,0.85,0
South Ossetia,1479.2466410757413,1.5665459123095256,1.7367001312416195,1.9625163580638574,0.85,0
Ellan Vannin,1562.2760615371446,1.642723513953463,1.8529446014286426,1.4439735305955754,0.85,0
Somaliland,1482.2815567969722,1.2542005162970837,2.531642113221635,3.354865793867975,0.85,0
Franconia,1482.3461017353454,2.01320123313328,2.6711000258666107,3.696065375244314,0.85,0
County of Nice,1584.1227962880264,2.0218059321411634,2.1687666216849864,1.5316531067729957,0.85,0
Seborga,1488.9139645907553,0.0,2.0,3.0,0.85,0
Székely Land,1483.6371765886906,1.3936970277353187,2.368352771400249,2.0202585604165506,0.85,0
Luhansk PR,1487.0617130616142,1.3017418216214245,1.5967370869911381,2.0814249476654876,0.85,0
Donetsk PR,1506.1340748906202,1.5915364363591833,1.3790557637764045,1.1100787259223246,0.85,0
Felvidék,1504.6310982296238,1.5009027112571505,1.081186706163458,1.4404169232246482,0.85,0
Panjab,1551.5864798735035,1.4507837828617802,3.0346018426713015,1.5477213354754924,0.85,0
United Koreans in Japan,1496.8986541776771,1.193373195144217,1.6966704682930756,0.8791631901388368,0.85,0
Western Armenia,1493.5163741415256,1.1196322761845017,1.8803744829841393,1.2291553268689677,0.85,0
Délvidék,1496.9248405410895,1.3504980080625664,1.9500416250421202,1.5249791874789398,0.85,0
Kárpátalja,1588.3039883068625,2.11157526390084,2.371631943519115,1.1114727061525418,0.85,0
Barawa,1416.8954174559856,0.5759817858282412,1.0757719468566014,4.136670759984563,0.85,0
Ryūkyū,1483.4458226080876,0.0,0.0,9.0,0.85,0
Yorkshire,1553.3647210656322,2.4589316841563527,3.807853845054065,1.5984136335352104,0.85,0
Surrey,1510.1140620422634,3.0,3.0,1.0,0.85,0
Kabylia,1461.9165712603697,0.9275682386491357,1.526753291464265,2.2610882682954805,0.85,0
Matabeleland,1491.4310008212683,1.4367732801281976,0.8261389339300034,1.4082161345093824,0.85,0
Cascadia,1536.2440302844464,1.9924898923979721,3.4997875541502945,2.0299896392177006,0.85,0
Parishes of Jersey,1513.718178888998,2.01320123313328,3.9057078207097837,1.3671654011109255,0.85,0
Chameria,1529.0437917801487,1.6049883281938484,1.978410752364026,1.1280572491056744,0.85,0
Saint Helena,1367.2518890168806,0.0,0.727936527948075,4.882433076407624,0.85,0
West Papua,1482.4161673210301,0.549833997312478,1.47502081252106,4.32514568764742,0.85,0
East Turkestan,1464.7562804014967,1.090900589030505,2.808014499735221,3.3424152694296074,0.85,0
Yoruba Nation,1482.0280704338224,0.4501660026875221,0.47502081252106,1.0,0.85,0
Biafra,1517.6358728671842,2.1920775024667867,0.6993903946442727,0.3006096053557273,0.85,0
Mapuche,1503.4716616652122,1.6495019919374339,1.57493756243682,1.0,0.85,0
Maule Sur,1531.8720366446719,3.0000000000000004,1.0,0.0,0.85,0
Aymara,1464.656301690116,0.0,0.47502081252106,1.9500416250421202,0.85,0
Elba Island,1508.7444087825093,3.0,5.0,0.0,0.85,0
Ticino,1447.824899487245,0.0,1.0,6.42506243756318,0.85,0
Hmong,1468.0858019513203,0.9867987668667201,2.0282903687776614,3.332224993533347,0.85,0
Marshall Islands,1426.082840031416,0.0,1.04995837495788,3.47502081252106,0.85,0
